{
  "posts": [
    {
      "id": 1,
      "title": "json-server",
      "author": "typicode"
    }
  ],
  "comments": [
    {
      "id": 1,
      "body": "some comment",
      "postId": 1
    }
  ],
  "users": [
    {
      "id": 7,
      "fullname": "Ankit kumar",
      "mobile": "1234567",
      "email": "asdvjfis7653tdgb",
      "password": "4edrtftyg7989ui0p"
    },
    {
      "fullname": "Shalu pandey",
      "email": "shalu@gmail.com",
      "password": "1234567890",
      "mobile": "1234567890",
      "id": 8
    },
    {
      "fullname": "Rahul Sharma",
      "email": "rahul@gmail.com",
      "password": "1234567890",
      "mobile": "1234567890",
      "id": 9
    },
    {
      "fullname": "amit pandey",
      "email": "amit@gmail.com",
      "password": "1234567890",
      "mobile": "0987654321",
      "id": 11
    },
    {
      "fullname": "Rohit sharma",
      "email": "hdashfsk",
      "password": "1234567890",
      "mobile": "0987654321",
      "id": 12
    },
    {
      "fullname": "amit pandey",
      "email": "ldsjfaljdk@gmail.com",
      "password": "234567890",
      "mobile": "0987654321",
      "id": 13
    }
  ],
  "profile": {
    "name": "typicode"
  }
}